epoch,loss,val_loss
0,0.30320778489112854,0.19681419432163239
1,0.1909893900156021,0.16982720792293549
